variable,coef,std_err,t_value,p_value,sig
SIZE,0.026428661336040927,0.008913608110253044,2.9649790532793183,0.0035555756403125027,***
ROA,-0.30280410316411394,0.12170434091024515,-2.4880304260258614,0.01400992469856499,**
GROWTH,6.544382708537133e-05,0.002304783314699443,0.028394785170468652,0.9773874333693877,
TANG,0.2881504562419585,0.16376768131857888,1.7595074554509726,0.08066021614441876,*
NDTS,-1.7841689504385188,2.195006560147487,-0.8128308055346481,0.4176853979978741,
TURN,0.08140628294443486,0.04979976882939538,1.634671904267617,0.10434851392937206,
STATE,-0.06841529178503605,0.10163818402730873,-0.6731258772456407,0.5019689882182703,
INDEP,-0.49882607592281714,0.5179147098055019,-0.9631432868746799,0.3371245106916596,
MSHARE_LN,-0.003750546347965487,0.003381306355831272,-1.1092003957279521,0.26923199953183774,
